ts_code,trade_date,open,high,low,close,pre_close,change,pct_chg,vol,amount
301228.SZ,20230316,16.88,16.99,16.4,16.44,17.01,-0.5700000000000003,-3.351,10735.26,17849.902
301228.SZ,20230315,16.81,17.03,16.81,17.01,16.84,0.1700000000000017,1.0095,5952.32,10091.192
301228.SZ,20230314,17.03,17.03,16.6,16.84,17.06,-0.21999999999999886,-1.2896,8420.33,14148.233
301228.SZ,20230313,17.33,17.5,16.83,17.06,17.46,-0.40000000000000213,-2.291,12023.73,20478.636
301228.SZ,20230310,17.48,17.75,17.33,17.46,17.68,-0.21999999999999886,-1.2443,16219.73,28365.781
301228.SZ,20230309,17.03,17.95,16.88,17.68,17.03,0.6499999999999986,3.8168,30952.41,54181.466
301228.SZ,20230308,16.58,17.05,16.58,17.03,16.68,0.3500000000000014,2.0983,9418.73,15924.387
301228.SZ,20230307,17.18,17.18,16.61,16.68,17.11,-0.4299999999999997,-2.5132,9110.73,15333.314
301228.SZ,20230306,16.94,17.11,16.89,17.11,16.94,0.16999999999999815,1.0035,6680.47,11370.116
301228.SZ,20230303,16.88,16.95,16.69,16.94,16.88,0.060000000000002274,0.3555,8570.0,14404.042
301228.SZ,20230302,16.98,17.1,16.86,16.88,17.04,-0.16000000000000014,-0.939,9230.88,15688.981
301228.SZ,20230301,17.0,17.05,16.9,17.04,17.02,0.019999999999999574,0.1175,7291.43,12374.012
301228.SZ,20230228,16.82,17.04,16.8,17.02,16.82,0.1999999999999993,1.1891,6479.0,10960.912
301228.SZ,20230227,17.12,17.18,16.77,16.82,17.16,-0.33999999999999986,-1.9814,9467.0,16013.277
301228.SZ,20230224,17.41,17.44,17.06,17.16,17.29,-0.129999999999999,-0.7519,9519.27,16384.23
301228.SZ,20230223,17.39,17.48,17.13,17.29,17.37,-0.08000000000000185,-0.4606,12459.3,21543.26
301228.SZ,20230222,17.4,17.46,17.2,17.37,17.49,-0.11999999999999744,-0.6861,10479.69,18172.22
301228.SZ,20230221,17.33,17.59,17.18,17.49,17.32,0.16999999999999815,0.9815,18979.06,32984.101
301228.SZ,20230220,17.62,17.79,17.04,17.32,17.62,-0.3000000000000007,-1.7026,26102.0,44991.27
301228.SZ,20230217,17.52,18.3,17.27,17.62,17.1,0.5199999999999996,3.0409,42125.3,74976.489
301228.SZ,20230216,17.93,18.03,17.1,17.1,18.11,-1.009999999999998,-5.577,43086.12,75971.72
301228.SZ,20230215,18.01,18.7,17.86,18.11,18.41,-0.3000000000000007,-1.6295,50400.29,91217.052
301228.SZ,20230214,19.22,20.26,18.32,18.41,17.74,0.6700000000000017,3.7768,94316.71,182161.052
301228.SZ,20230213,16.65,18.15,16.65,17.74,16.77,0.9699999999999989,5.7841,41210.46,72125.553
301228.SZ,20230210,16.75,16.85,16.65,16.77,16.71,0.05999999999999872,0.3591,6581.43,11032.389
301228.SZ,20230209,16.66,16.75,16.54,16.71,16.61,0.10000000000000142,0.602,7412.05,12346.203
301228.SZ,20230208,16.78,16.87,16.6,16.61,16.86,-0.25,-1.4828,6179.4,10319.515
301228.SZ,20230207,16.8,16.86,16.58,16.86,16.6,0.259999999999998,1.5663,9090.23,15211.359
301228.SZ,20230206,16.71,16.82,16.58,16.6,16.71,-0.10999999999999943,-0.6583,7161.27,11945.936
301228.SZ,20230203,16.57,16.72,16.44,16.71,16.56,0.15000000000000213,0.9058,9752.32,16184.83
301228.SZ,20230202,16.58,16.61,16.48,16.56,16.58,-0.019999999999999574,-0.1206,6651.75,11010.678
301228.SZ,20230201,16.33,16.59,16.19,16.58,16.23,0.34999999999999787,2.1565,10104.67,16620.851
301228.SZ,20230131,16.14,16.25,16.01,16.23,16.14,0.08999999999999986,0.5576,7244.67,11735.146
301228.SZ,20230130,16.0,16.39,16.0,16.14,15.87,0.27000000000000135,1.7013,10300.46,16617.003
301228.SZ,20230120,15.76,15.92,15.76,15.87,15.76,0.10999999999999943,0.698,6777.0,10741.232
301228.SZ,20230119,15.62,15.82,15.62,15.76,15.68,0.08000000000000007,0.5102,5843.72,9198.207
301228.SZ,20230118,15.66,15.76,15.61,15.68,15.65,0.02999999999999936,0.1917,5530.24,8663.427
301228.SZ,20230117,15.76,15.96,15.62,15.65,15.68,-0.02999999999999936,-0.1913,7982.97,12600.645
301228.SZ,20230116,15.5,15.75,15.39,15.68,15.46,0.21999999999999886,1.423,6155.0,9632.788
301228.SZ,20230113,15.7,15.7,15.35,15.46,15.44,0.02000000000000135,0.1295,4877.6,7533.091
301228.SZ,20230112,15.52,15.62,15.41,15.44,15.5,-0.0600000000000005,-0.3871,4231.0,6565.416
301228.SZ,20230111,15.75,15.84,15.42,15.5,15.84,-0.33999999999999986,-2.1465,7299.19,11384.178
301228.SZ,20230110,15.78,15.9,15.71,15.84,15.84,0.0,0.0,3527.0,5558.429
301228.SZ,20230109,15.98,16.03,15.8,15.84,15.87,-0.02999999999999936,-0.189,4049.94,6438.66
301228.SZ,20230106,16.08,16.08,15.82,15.87,16.01,-0.14000000000000234,-0.8745,4537.59,7228.926
301228.SZ,20230105,15.96,16.03,15.8,16.01,16.02,-0.00999999999999801,-0.0624,4523.33,7202.966
301228.SZ,20230104,16.08,16.13,15.83,16.02,15.86,0.16000000000000014,1.0088,7385.73,11802.274
301228.SZ,20230103,15.45,15.95,15.43,15.86,15.42,0.4399999999999995,2.8534,9495.6,14976.572
301228.SZ,20221230,15.39,15.5,15.25,15.42,15.26,0.16000000000000014,1.0485,4607.81,7086.443
301228.SZ,20221229,15.57,15.61,15.26,15.26,15.54,-0.27999999999999936,-1.8018,4994.45,7712.646
301228.SZ,20221228,15.85,15.86,15.45,15.54,15.86,-0.3200000000000003,-2.0177,5719.68,8921.464
301228.SZ,20221227,16.04,16.04,15.69,15.86,15.93,-0.07000000000000028,-0.4394,5706.76,9013.564
301228.SZ,20221226,16.0,16.04,15.85,15.93,15.83,0.09999999999999964,0.6317,3801.73,6066.056
301228.SZ,20221223,15.74,16.0,15.61,15.83,15.74,0.08999999999999986,0.5718,4314.58,6829.19
301228.SZ,20221222,16.04,16.16,15.73,15.74,16.03,-0.2900000000000009,-1.8091,5947.61,9482.695
301228.SZ,20221221,16.34,16.37,15.91,16.03,16.28,-0.25,-1.5356,5503.97,8850.992
301228.SZ,20221220,16.15,16.43,16.02,16.28,16.22,0.060000000000002274,0.3699,5418.0,8807.801
301228.SZ,20221219,16.65,16.73,16.1,16.22,16.67,-0.45000000000000284,-2.6995,10057.96,16429.7
301228.SZ,20221216,17.01,17.12,16.61,16.67,17.07,-0.3999999999999986,-2.3433,9119.16,15307.759
301228.SZ,20221215,16.95,17.13,16.86,17.07,16.96,0.10999999999999943,0.6486,6907.17,11766.482
301228.SZ,20221214,16.99,17.15,16.9,16.96,16.97,-0.00999999999999801,-0.0589,7296.57,12396.034
301228.SZ,20221213,17.18,17.18,16.93,16.97,17.09,-0.120000000000001,-0.7022,8178.0,13936.37
301228.SZ,20221212,17.27,17.32,17.04,17.09,17.25,-0.16000000000000014,-0.9275,9281.56,15890.02
301228.SZ,20221209,17.38,17.38,17.13,17.25,17.34,-0.08999999999999986,-0.519,8340.73,14375.9
301228.SZ,20221208,17.46,17.46,17.25,17.34,17.45,-0.10999999999999943,-0.6304,6911.7,11984.859
301228.SZ,20221207,17.38,17.52,17.31,17.45,17.43,0.019999999999999574,0.1147,6541.19,11405.033
301228.SZ,20221206,17.6,17.69,17.38,17.43,17.62,-0.19000000000000128,-1.0783,10414.19,18226.031
301228.SZ,20221205,17.54,17.66,17.42,17.62,17.54,0.08000000000000185,0.4561,10326.97,18113.308
301228.SZ,20221202,17.38,17.6,17.3,17.54,17.31,0.23000000000000043,1.3287,9355.67,16357.694
301228.SZ,20221201,17.74,17.74,17.23,17.31,17.34,-0.030000000000001137,-0.173,10509.67,18284.874
301228.SZ,20221130,17.68,17.75,17.31,17.34,17.68,-0.33999999999999986,-1.9231,12396.28,21664.029
301228.SZ,20221129,17.25,17.7,17.18,17.68,17.17,0.509999999999998,2.9703,12354.53,21673.118
301228.SZ,20221128,17.36,17.41,17.06,17.17,17.45,-0.2799999999999976,-1.6046,7729.73,13293.749
301228.SZ,20221125,17.46,17.71,17.32,17.45,17.52,-0.07000000000000028,-0.3995,6815.73,11895.274
301228.SZ,20221124,17.59,17.8,17.32,17.52,17.52,0.0,0.0,7307.12,12837.314
301228.SZ,20221123,18.01,18.01,17.23,17.52,17.95,-0.4299999999999997,-2.3955,10330.94,18073.577
301228.SZ,20221122,18.1,18.56,17.81,17.95,18.19,-0.240000000000002,-1.3194,10034.73,18248.59
301228.SZ,20221121,18.07,18.28,17.75,18.19,18.07,0.120000000000001,0.6641,7340.27,13273.197
301228.SZ,20221118,18.5,18.6,18.02,18.07,18.4,-0.3299999999999983,-1.7935,10196.01,18630.112
301228.SZ,20221117,18.44,18.55,18.27,18.4,18.38,0.019999999999999574,0.1088,7007.19,12859.512
301228.SZ,20221116,18.45,18.53,18.33,18.38,18.38,0.0,0.0,10139.08,18670.445
301228.SZ,20221115,18.34,18.44,18.12,18.38,18.34,0.03999999999999915,0.2181,12633.81,23174.711
301228.SZ,20221114,18.58,18.58,18.16,18.34,18.23,0.10999999999999943,0.6034,12787.0,23387.479
301228.SZ,20221111,18.4,18.53,18.13,18.23,18.15,0.08000000000000185,0.4408,14199.66,26002.782
301228.SZ,20221110,18.55,18.55,18.1,18.15,18.45,-0.3000000000000007,-1.626,10607.0,19379.036
301228.SZ,20221109,18.79,18.85,18.4,18.45,18.62,-0.1700000000000017,-0.913,11753.8,21819.939
301228.SZ,20221108,19.0,19.06,18.44,18.62,19.04,-0.41999999999999815,-2.2059,15963.46,29684.092
301228.SZ,20221107,18.68,19.28,18.39,19.04,18.49,0.5500000000000007,2.9746,27593.62,51985.487
301228.SZ,20221104,18.1,18.59,17.95,18.49,17.98,0.509999999999998,2.8365,18324.16,33688.844
301228.SZ,20221103,17.52,18.02,17.5,17.98,17.74,0.240000000000002,1.3529,15376.93,27438.909
301228.SZ,20221102,17.27,17.81,17.1,17.74,17.27,0.46999999999999886,2.7215,15979.31,28196.514
301228.SZ,20221101,17.05,17.32,16.92,17.27,16.92,0.34999999999999787,2.0686,11455.34,19659.65
301228.SZ,20221031,17.31,17.31,16.67,16.92,16.52,0.40000000000000213,2.4213,10887.57,18426.647
301228.SZ,20221028,18.0,18.0,16.38,16.52,17.67,-1.1500000000000021,-6.5082,22694.02,38363.599
301228.SZ,20221027,17.55,18.07,17.45,17.67,17.26,0.41000000000000014,2.3754,24475.41,43566.41
301228.SZ,20221026,16.69,17.43,16.69,17.26,16.64,0.620000000000001,3.726,19616.08,33743.547
301228.SZ,20221025,17.42,17.63,16.53,16.64,17.42,-0.7800000000000011,-4.4776,20188.42,34123.9
301228.SZ,20221024,18.2,18.46,17.42,17.42,18.3,-0.879999999999999,-4.8087,21634.0,38727.729
301228.SZ,20221021,19.05,19.05,18.22,18.3,18.85,-0.5500000000000007,-2.9178,22223.3,41109.847
301228.SZ,20221020,19.18,19.43,18.79,18.85,19.31,-0.4599999999999973,-2.3822,29484.63,56036.526
301228.SZ,20221019,18.44,19.69,18.21,19.31,18.56,0.75,4.0409,48590.16,93415.971
301228.SZ,20221018,18.97,18.97,18.4,18.56,19.02,-0.46000000000000085,-2.4185,19955.99,37080.464
301228.SZ,20221017,18.12,19.14,18.12,19.02,18.35,0.6699999999999982,3.6512,28563.77,53768.194
301228.SZ,20221014,18.3,18.66,18.2,18.35,18.25,0.10000000000000142,0.5479,25842.3,47631.04
301228.SZ,20221013,17.8,18.8,17.6,18.25,17.71,0.5399999999999991,3.0491,18487.81,33660.631
301228.SZ,20221012,17.4,17.75,17.07,17.71,17.49,0.22000000000000242,1.2579,9672.63,16878.601
301228.SZ,20221011,17.31,17.66,16.3,17.49,17.65,-0.16000000000000014,-0.9065,16511.78,28019.647
301228.SZ,20221010,17.8,18.88,17.31,17.65,17.62,0.029999999999997584,0.1703,16918.19,30390.542
301228.SZ,20220930,18.06,18.3,17.45,17.62,17.98,-0.35999999999999943,-2.0022,8880.39,15730.064
301228.SZ,20220929,18.19,18.43,17.88,17.98,18.11,-0.129999999999999,-0.7178,11145.54,20208.607
301228.SZ,20220928,18.1,18.61,18.0,18.11,18.1,0.00999999999999801,0.0552,13533.52,24685.358
301228.SZ,20220927,17.33,18.16,17.33,18.1,17.57,0.5300000000000011,3.0165,11850.09,21205.612
301228.SZ,20220926,17.41,17.61,17.12,17.57,17.57,0.0,0.0,10471.5,18186.685
301228.SZ,20220923,17.97,18.04,17.47,17.57,17.98,-0.41000000000000014,-2.2803,8590.98,15215.477
301228.SZ,20220922,18.0,18.33,17.8,17.98,18.12,-0.14000000000000057,-0.7726,11257.85,20290.271
301228.SZ,20220921,18.09,18.26,17.82,18.12,18.21,-0.08999999999999986,-0.4942,9511.57,17211.149
301228.SZ,20220920,18.25,18.35,17.93,18.21,18.26,-0.05000000000000071,-0.2738,15167.93,27461.503
301228.SZ,20220919,17.74,18.27,17.2,18.26,17.74,0.5200000000000031,2.9312,19607.39,35104.816
301228.SZ,20220916,18.1,18.49,17.65,17.74,18.01,-0.2700000000000031,-1.4992,14830.06,26749.129
301228.SZ,20220915,18.5,18.73,17.7,18.01,18.45,-0.4399999999999977,-2.3848,18610.76,33544.204
301228.SZ,20220914,17.95,18.86,17.77,18.45,18.11,0.33999999999999986,1.8774,29381.36,54204.498
301228.SZ,20220913,17.41,18.17,17.3,18.11,17.41,0.6999999999999993,4.0207,18069.08,32247.032
301228.SZ,20220909,17.31,17.49,17.2,17.41,17.4,0.010000000000001563,0.0575,6098.2,10573.363
301228.SZ,20220908,17.72,17.79,17.35,17.4,17.72,-0.3200000000000003,-1.8059,9223.85,16106.539
301228.SZ,20220907,17.62,17.84,17.4,17.72,17.69,0.029999999999997584,0.1696,8327.27,14696.75
301228.SZ,20220906,17.74,17.8,17.51,17.69,17.72,-0.029999999999997584,-0.1693,8203.45,14460.38
301228.SZ,20220905,17.8,18.03,17.46,17.72,17.86,-0.14000000000000057,-0.7839,8463.4,14958.043
301228.SZ,20220902,17.43,18.06,17.31,17.86,17.37,0.48999999999999844,2.821,11333.38,20080.174
301228.SZ,20220901,17.73,17.73,17.3,17.37,17.64,-0.2699999999999996,-1.5306,7969.96,13932.037
301228.SZ,20220831,18.2,18.21,17.61,17.64,18.15,-0.509999999999998,-2.8099,9483.06,16899.692
301228.SZ,20220830,17.93,18.32,17.78,18.15,17.83,0.3200000000000003,1.7947,13350.65,24122.771
301228.SZ,20220829,17.81,17.95,17.3,17.83,17.75,0.0799999999999983,0.4507,10897.54,19317.639
301228.SZ,20220826,17.95,18.31,17.74,17.75,18.25,-0.5,-2.7397,12347.45,22145.577
301228.SZ,20220825,18.33,18.58,17.91,18.25,18.33,-0.0799999999999983,-0.4364,8293.78,15065.209
301228.SZ,20220824,18.89,19.09,18.23,18.33,18.91,-0.5800000000000018,-3.0672,12793.66,23780.967
301228.SZ,20220823,19.11,19.3,18.61,18.91,19.25,-0.33999999999999986,-1.7662,12281.26,23173.828
301228.SZ,20220822,19.49,19.49,19.07,19.25,19.37,-0.120000000000001,-0.6195,7244.28,13905.47
301228.SZ,20220819,19.92,20.05,19.36,19.37,19.92,-0.5500000000000007,-2.761,14083.13,27685.215
301228.SZ,20220818,20.14,20.15,19.82,19.92,20.13,-0.2099999999999973,-1.0432,9894.21,19711.756
301228.SZ,20220817,20.25,20.47,20.05,20.13,20.31,-0.17999999999999972,-0.8863,9111.41,18380.207
301228.SZ,20220816,20.55,20.6,20.2,20.31,20.41,-0.10000000000000142,-0.49,9186.1,18680.335
301228.SZ,20220815,20.66,20.92,20.2,20.41,20.7,-0.28999999999999915,-1.401,10539.35,21463.163
301228.SZ,20220812,21.0,21.25,20.67,20.7,20.92,-0.22000000000000242,-1.0516,12345.38,25805.558
301228.SZ,20220811,20.72,21.17,20.72,20.92,20.7,0.22000000000000242,1.0628,12109.19,25453.953
301228.SZ,20220810,20.79,21.06,20.69,20.7,20.86,-0.16000000000000014,-0.767,8431.79,17551.688
301228.SZ,20220809,20.89,21.12,20.78,20.86,21.04,-0.17999999999999972,-0.8555,8267.29,17318.225
301228.SZ,20220808,20.86,21.11,20.62,21.04,20.78,0.259999999999998,1.2512,9894.71,20679.339
301228.SZ,20220805,20.98,21.19,20.57,20.78,20.86,-0.0799999999999983,-0.3835,13034.58,27231.979
301228.SZ,20220804,19.89,20.91,19.83,20.86,20.25,0.6099999999999994,3.0123,24913.91,51305.861
301228.SZ,20220803,19.88,20.96,19.78,20.25,19.78,0.46999999999999886,2.3761,21074.72,43426.531
301228.SZ,20220802,21.31,21.33,19.5,19.78,21.55,-1.7699999999999996,-8.2135,24582.26,49553.57
301228.SZ,20220801,21.9,22.07,21.4,21.55,21.8,-0.25,-1.1468,10480.84,22700.314
301228.SZ,20220729,22.46,22.61,21.66,21.8,22.36,-0.5599999999999987,-2.5045,16651.32,36589.006
301228.SZ,20220728,21.49,22.44,21.48,22.36,21.49,0.870000000000001,4.0484,25547.72,56559.097
301228.SZ,20220727,21.6,21.7,21.41,21.49,21.7,-0.21000000000000085,-0.9677,9819.69,21124.732
301228.SZ,20220726,21.58,21.98,21.05,21.7,21.47,0.23000000000000043,1.0713,13440.41,28865.004
301228.SZ,20220725,21.8,22.17,21.32,21.47,21.96,-0.490000000000002,-2.2313,12988.0,28094.226
301228.SZ,20220722,21.76,22.71,21.75,21.96,21.73,0.23000000000000043,1.0584,20753.25,46150.568
301228.SZ,20220721,22.15,22.54,21.7,21.73,22.27,-0.5399999999999991,-2.4248,20924.28,46001.574
301228.SZ,20220720,22.84,22.86,22.01,22.27,22.87,-0.6000000000000014,-2.6235,32405.36,72213.797
301228.SZ,20220719,21.89,23.2,21.6,22.87,21.74,1.1300000000000026,5.1978,54039.84,122397.663
301228.SZ,20220718,20.91,21.97,20.89,21.74,20.86,0.879999999999999,4.2186,30230.18,65365.13
301228.SZ,20220715,20.82,21.2,20.45,20.86,20.8,0.05999999999999872,0.2885,13442.48,27937.195
301228.SZ,20220714,20.65,20.85,20.34,20.8,20.43,0.370000000000001,1.8111,10441.29,21586.15
301228.SZ,20220713,19.95,20.69,19.8,20.43,19.98,0.4499999999999993,2.2523,13057.0,26632.057
301228.SZ,20220712,20.8,20.88,19.9,19.98,20.66,-0.6799999999999997,-3.2914,13164.48,26636.797
301228.SZ,20220711,20.59,20.88,20.33,20.66,20.57,0.08999999999999986,0.4375,9045.0,18620.249
301228.SZ,20220708,20.24,21.09,20.2,20.57,20.19,0.379999999999999,1.8821,15477.7,32145.031
301228.SZ,20220707,20.1,20.34,20.02,20.19,20.16,0.030000000000001137,0.1488,7005.0,14151.49
301228.SZ,20220706,20.28,20.57,19.92,20.16,20.28,-0.120000000000001,-0.5917,8037.68,16200.826
301228.SZ,20220705,20.72,20.95,20.11,20.28,20.7,-0.41999999999999815,-2.029,12544.92,25664.073
301228.SZ,20220704,20.9,21.31,20.54,20.7,20.9,-0.1999999999999993,-0.9569,11653.52,24153.618
301228.SZ,20220701,20.83,21.35,20.58,20.9,20.68,0.21999999999999886,1.0638,14635.52,30677.041
301228.SZ,20220630,20.58,20.94,20.54,20.68,20.45,0.23000000000000043,1.1247,7839.8,16281.069
301228.SZ,20220629,21.34,21.34,20.45,20.45,21.14,-0.6900000000000013,-3.264,10376.4,21555.176
301228.SZ,20220628,21.0,21.3,20.77,21.14,21.03,0.10999999999999943,0.5231,10989.0,23142.249
301228.SZ,20220627,20.69,21.5,20.69,21.03,20.62,0.41000000000000014,1.9884,12909.96,27101.682
301228.SZ,20220624,20.65,20.82,20.47,20.62,20.54,0.08000000000000185,0.3895,9978.32,20613.731
301228.SZ,20220623,20.45,20.74,20.32,20.54,20.51,0.029999999999997584,0.1463,9674.32,19865.37
301228.SZ,20220622,20.85,21.33,16.67,20.51,20.84,-0.3299999999999983,-1.5835,16063.0,33282.019
301228.SZ,20220621,20.63,21.03,20.42,20.84,20.84,0.0,0.0,7666.0,15916.606
301228.SZ,20220620,20.6,20.96,20.59,20.84,20.48,0.35999999999999943,1.7578,8450.44,17547.499
301228.SZ,20220617,20.59,20.84,20.06,20.48,20.7,-0.21999999999999886,-1.0628,8338.0,17023.906
301228.SZ,20220616,20.62,20.85,20.41,20.7,20.46,0.23999999999999844,1.173,7943.48,16428.323
301228.SZ,20220615,20.5882,20.8655,20.2812,20.4595,20.4397,0.01980000000000004,0.0969,8581.48,17841.683
301228.SZ,20220614,20.8358,20.8358,19.8257,20.4397,21.0537,-0.6140000000000008,-2.9164,11880.96,24421.496
301228.SZ,20220613,20.7467,21.0735,20.5387,21.0537,20.8457,0.2079999999999984,0.9978,7707.39,16286.277
301228.SZ,20220610,20.7764,21.2022,20.7764,20.8457,20.7863,0.05940000000000012,0.2858,7885.96,16699.422
301228.SZ,20220609,21.4201,21.4201,20.6774,20.7863,21.4201,-0.6338000000000008,-2.9589,10964.0,23083.561
301228.SZ,20220608,21.7865,21.8657,20.9249,21.4201,21.7865,-0.3663999999999987,-1.6818,12833.65,27709.994
301228.SZ,20220607,22.4797,22.4797,21.5092,21.7865,22.2123,-0.42579999999999885,-1.917,14150.41,31064.546
301228.SZ,20220606,21.5884,22.3213,21.5191,22.2123,21.7271,0.48519999999999897,2.2332,13329.41,29671.76
301228.SZ,20220602,21.7865,21.9746,21.1923,21.7271,21.9846,-0.2575000000000003,-1.1713,11878.0,25807.687
301228.SZ,20220601,21.529,22.0638,21.4102,21.9846,21.529,0.45560000000000045,2.1162,14669.68,32329.468
301228.SZ,20220531,21.4201,21.529,20.6179,21.529,21.2616,0.2673999999999985,1.2577,12975.96,27645.432
301228.SZ,20220530,21.5191,21.6875,21.0042,21.2616,21.4894,-0.22779999999999845,-1.0601,8914.96,19146.33
301228.SZ,20220527,21.5191,21.7667,21.3112,21.4894,21.2418,0.2475999999999985,1.1656,13406.4,29142.355
301228.SZ,20220526,21.9251,21.9251,21.0438,21.2418,21.5884,-0.3465999999999987,-1.6055,12404.34,26709.254
301228.SZ,20220525,21.0141,21.7568,20.9249,21.5884,21.1032,0.48519999999999897,2.2992,18847.65,40829.665
301228.SZ,20220524,24.5593,24.5593,21.1032,21.1032,23.3809,-2.2776999999999994,-9.7417,34402.67,78845.193
301228.SZ,20220523,22.4401,23.5492,22.2816,23.3809,22.4797,0.9011999999999993,4.009,19352.74,45007.606
301228.SZ,20220520,22.7273,23.064,22.3312,22.4797,22.4005,0.07920000000000016,0.3536,11555.36,26428.779
301228.SZ,20220519,22.5886,22.6381,22.0143,22.4005,22.6877,-0.28719999999999857,-1.2659,10989.34,24810.236
301228.SZ,20220518,22.6679,22.7669,22.2222,22.6877,22.2816,0.4060999999999986,1.8226,11078.0,25266.669
301228.SZ,20220517,22.6976,22.8362,22.0935,22.2816,22.6877,-0.4060999999999986,-1.79,12173.96,27458.795
301228.SZ,20220516,22.8758,23.3314,22.549,22.6877,22.6282,0.059499999999999886,0.2629,13063.0,30241.286
301228.SZ,20220513,22.9154,23.1135,22.5589,22.6282,22.9154,-0.2872000000000021,-1.2533,11091.96,25474.811
301228.SZ,20220512,22.4896,23.4403,22.4896,22.9154,22.7174,0.1980000000000004,0.8716,15978.18,36912.373
301228.SZ,20220511,23.7671,23.7671,22.658,22.7174,23.5195,-0.8020999999999994,-3.4104,30835.92,72020.235
301228.SZ,20220510,22.4302,23.8562,22.1529,23.5195,23.0343,0.48519999999999897,2.1064,35755.4,83987.614
301228.SZ,20220509,21.2913,23.0343,21.2913,23.0343,21.2715,1.7628000000000021,8.2871,34190.45,77267.714
301228.SZ,20220506,20.6378,21.6479,20.509,21.2715,21.1329,0.13860000000000028,0.6558,13597.92,29153.598
301228.SZ,20220505,20.816,21.4795,20.311,21.1329,20.5684,0.5644999999999989,2.7445,15607.92,33182.298
301228.SZ,20220429,19.6574,20.7863,19.6078,20.5684,19.5781,0.9903000000000013,5.0582,20353.73,41823.405
301228.SZ,20220428,20.608,20.6972,19.39,19.5781,20.9447,-1.3666000000000018,-6.5248,21409.18,43051.145
301228.SZ,20220427,19.7069,21.0141,19.2117,20.9447,20.1921,0.752600000000001,3.7272,22943.37,46382.747
301228.SZ,20220426,21.2814,21.5686,20.0931,20.1921,21.6082,-1.4161000000000001,-6.5535,25953.12,54570.327
301228.SZ,20220425,22.955,24.4603,21.3409,21.6082,23.4106,-1.8023999999999987,-7.6991,31016.71,71927.96
301228.SZ,20220422,22.7768,23.7077,22.7372,23.4106,22.7372,0.6733999999999973,2.9617,18220.87,42813.664
301228.SZ,20220421,23.8562,24.3018,22.6976,22.7372,24.4108,-1.6735999999999969,-6.856,18214.07,43041.027
301228.SZ,20220420,24.0147,24.5593,23.8661,24.4108,23.975,0.43579999999999686,1.8177,20152.2,49372.347
301228.SZ,20220419,24.0642,24.3018,23.5492,23.975,23.6284,0.34660000000000224,1.4669,15382.32,37089.679
301228.SZ,20220418,23.4205,23.9255,22.7768,23.6284,23.1729,0.4555000000000007,1.9657,13867.0,32965.374
301228.SZ,20220415,24.2721,24.2721,23.1234,23.1729,24.3514,-1.1785000000000032,-4.8396,21348.12,50562.417
301228.SZ,20220414,24.5692,24.7079,24.0939,24.3514,24.3316,0.01980000000000004,0.0814,14613.0,36038.012
301228.SZ,20220413,24.7574,24.7871,24.0939,24.3316,24.896,-0.5643999999999991,-2.267,13879.83,34273.996
301228.SZ,20220412,24.2226,24.9455,23.975,24.896,24.2523,0.643699999999999,2.6542,19026.0,47117.952
301228.SZ,20220411,25.2525,25.3912,23.7671,24.2523,25.9952,-1.7428999999999988,-6.7047,31079.0,77524.785
301228.SZ,20220408,28.2036,28.2036,25.7477,25.9952,28.5403,-2.545099999999998,-8.9176,44922.25,121218.152
301228.SZ,20220407,28.2036,29.0454,27.342,28.5403,28.1937,0.3465999999999987,1.2294,40624.15,116028.504
301228.SZ,20220406,27.3817,28.3819,27.3817,28.1937,27.6094,0.5842999999999989,2.1163,20828.18,58927.192
301228.SZ,20220401,27.8075,27.8174,26.9063,27.6094,28.0848,-0.4754000000000005,-1.6927,29081.69,80486.15
301228.SZ,20220331,27.9164,29.0949,27.8471,28.0848,28.0254,0.05940000000000012,0.212,25388.51,72854.732
301228.SZ,20220330,27.7085,28.1145,27.5599,28.0254,27.7085,0.3169000000000004,1.1437,18515.52,52166.27
301228.SZ,20220329,28.7483,29.1543,27.6292,27.7085,28.8968,-1.1882999999999981,-4.1122,28793.88,81862.927
301228.SZ,20220328,28.7483,29.3127,28.4611,28.8968,29.0751,-0.17830000000000013,-0.6132,19791.91,57587.006
301228.SZ,20220325,29.8673,30.2634,29.0156,29.0751,30.2832,-1.2081000000000017,-3.9893,35462.6,105972.221
301228.SZ,20220324,30.7289,31.9172,30.2535,30.2832,30.6001,-0.3169000000000004,-1.0356,40215.7,125957.972
301228.SZ,20220323,31.1943,31.5904,29.9267,30.6001,31.0358,-0.4356999999999971,-1.4039,33366.34,102760.019
301228.SZ,20220322,32.1252,32.3628,30.8972,31.0358,32.5015,-1.4657000000000018,-4.5096,42045.23,134066.419
301228.SZ,20220321,31.3825,32.9669,31.1943,32.5015,31.8578,0.643699999999999,2.0205,61720.73,200335.381
301228.SZ,20220318,30.6199,32.3034,29.7089,31.8578,30.6001,1.2576999999999998,4.1101,61854.14,195998.893
301228.SZ,20220317,30.4318,31.4518,30.0753,30.6001,30.1743,0.4258000000000024,1.4111,46598.93,144988.224
301228.SZ,20220316,31.2834,31.2834,28.4413,30.1743,30.1842,-0.009900000000001796,-0.0328,48951.85,146975.628
301228.SZ,20220315,31.7885,32.5015,29.9861,30.1842,31.7885,-1.6042999999999985,-5.0468,48606.75,153748.182
301228.SZ,20220314,33.3729,34.1652,31.7885,31.7885,34.284,-2.4955,-7.2789,51984.14,173467.973
301228.SZ,20220311,34.4128,35.5813,33.5215,34.284,34.898,-0.6140000000000043,-1.7594,57179.73,199577.607
301228.SZ,20220310,34.5514,36.7895,34.0463,34.898,33.6007,1.2973,3.8609,83645.86,299370.759
301228.SZ,20220309,34.4623,35.1258,32.3727,33.6007,36.4231,-2.8223999999999947,-7.7489,83488.39,284837.443
301228.SZ,20220308,38.1363,40.8299,36.0269,36.4231,39.0969,-2.6738,-6.8389,110553.35,428365.335
301228.SZ,20220307,37.7005,40.2654,36.4924,39.0969,38.6512,0.4456999999999951,1.1531,117232.69,453951.661
301228.SZ,20220304,35.5516,41.4439,35.1555,38.6512,36.0368,2.6144000000000034,7.2548,142517.84,553199.82
301228.SZ,20220303,35.6308,37.6312,34.799,36.0368,35.7893,0.24750000000000227,0.6915,96097.67,352129.638
301228.SZ,20220302,33.977,35.9774,33.472,35.7893,34.2642,1.5250999999999948,4.451,80515.12,283004.359
301228.SZ,20220301,33.67,34.5415,33.4324,34.2642,34.0166,0.2476000000000056,0.7279,56728.42,195094.757
301228.SZ,20220228,33.0759,34.4128,32.5609,34.0166,33.1749,0.8416999999999959,2.5372,65970.97,222762.95
301228.SZ,20220225,34.3632,34.5118,33.0461,33.1749,33.6007,-0.4258000000000024,-1.2672,62552.6,212542.653
301228.SZ,20220224,38.9186,38.9186,33.3036,33.6007,39.8297,-6.228999999999999,-15.6391,124255.14,452636.49
301228.SZ,20220223,38.0273,40.097,37.6312,39.8297,38.8097,1.0200000000000031,2.6282,111267.36,439768.315
301228.SZ,20220222,40.1268,41.5627,38.1264,38.8097,41.3052,-2.4955,-6.0416,122836.06,491083.861
301228.SZ,20220221,39.5623,42.7807,39.4236,41.3052,41.2953,0.009900000000001796,0.024,133939.73,557051.599
301228.SZ,20220218,46.6825,46.6825,41.1468,41.2953,46.7617,-5.4664,-11.6899,213036.54,932862.763
301228.SZ,20220217,46.7617,46.7617,45.0089,46.7617,38.9681,7.793599999999998,19.9999,74062.39,349168.428
301228.SZ,20220216,31.6795,38.9681,31.3131,38.9681,32.4718,6.496299999999998,20.006,162959.31,571288.881
301228.SZ,20220215,30.3129,33.165,29.6395,32.4718,31.2933,1.1785000000000032,3.766,133011.43,421963.853
301228.SZ,20220214,29.7089,34.0166,29.2434,31.2933,31.9766,-0.6833000000000027,-2.1369,146745.88,467082.611
301228.SZ,20220211,28.2234,31.9766,27.0351,31.9766,29.689,2.287600000000001,7.7052,148521.89,429202.153
301228.SZ,20220210,32.6797,33.363,29.2335,29.689,31.1547,-1.4656999999999982,-4.7046,146007.96,462371.772
301228.SZ,20220209,29.2632,32.3827,28.778,31.1547,29.6494,1.5052999999999983,5.077,144069.9,443037.989
301228.SZ,20220208,28.877,30.5803,28.0551,29.6494,30.3724,-0.722999999999999,-2.3805,125095.77,368256.807
301228.SZ,20220207,31.6894,32.9768,28.8671,30.3724,36.0963,-5.7239,-15.8573,150569.65,466077.23
301228.SZ,20220128,32.6599,37.8293,30.2139,36.0963,19.8851,16.211199999999998,81.5244,205118.38,699081.869
